epoch,time,train/box_loss,train/cls_loss,train/dfl_loss,metrics/precision(B),metrics/recall(B),metrics/mAP50(B),metrics/mAP50-95(B),val/box_loss,val/cls_loss,val/dfl_loss,lr/pg0,lr/pg1,lr/pg2,lr/pg3,lr/pg4,lr/pg5,lr/pg6,lr/pg7
1,189.694,1.32462,1.32192,1.2272,0.83014,0.58337,0.62026,0.39853,1.45215,1.10498,1.3564,0.00998565,0.00332855,0.00998565,0.00332855,0.00998565,0.00332855,0.00998565,0.00332855
2,403.164,1.21058,0.8662,1.17172,0.81033,0.62285,0.66108,0.40918,1.45526,1.01792,1.40279,0.0193261,0.00644204,0.0193261,0.00644204,0.0193261,0.00644204,0.0193261,0.00644204
3,570.887,1.22898,0.82335,1.19021,0.65358,0.54898,0.54554,0.33159,1.56854,1.2202,1.55521,0.0280066,0.00933553,0.0280066,0.00933553,0.0280066,0.00933553,0.0280066,0.00933553
4,740.778,1.2243,0.78689,1.1835,0.7693,0.58989,0.65234,0.41556,1.57423,0.98834,1.48701,0.02703,0.00901,0.02703,0.00901,0.02703,0.00901,0.02703,0.00901
5,908.681,1.1567,0.7135,1.15143,0.7944,0.59469,0.66662,0.42982,1.47993,0.96799,1.47197,0.02604,0.00868,0.02604,0.00868,0.02604,0.00868,0.02604,0.00868
6,1088.23,1.11173,0.67811,1.13087,0.87777,0.63772,0.67819,0.43234,1.48932,0.91504,1.47769,0.02505,0.00835,0.02505,0.00835,0.02505,0.00835,0.02505,0.00835
7,1278.4,1.08098,0.64471,1.11555,0.8528,0.64682,0.69589,0.46036,1.43509,0.93648,1.45222,0.02406,0.00802,0.02406,0.00802,0.02406,0.00802,0.02406,0.00802
8,1467.47,1.0564,0.62396,1.10415,0.822,0.60595,0.65345,0.44027,1.45355,0.95536,1.43846,0.02307,0.00769,0.02307,0.00769,0.02307,0.00769,0.02307,0.00769
9,1640.64,1.03474,0.60503,1.09443,0.93263,0.57738,0.66875,0.44121,1.40021,0.90821,1.43587,0.02208,0.00736,0.02208,0.00736,0.02208,0.00736,0.02208,0.00736
10,1805.02,1.01041,0.58741,1.08094,0.87821,0.65433,0.72292,0.47734,1.46642,0.93639,1.47086,0.02109,0.00703,0.02109,0.00703,0.02109,0.00703,0.02109,0.00703
11,1970.56,0.99153,0.5707,1.0745,0.9121,0.62739,0.69273,0.44713,1.45144,0.92211,1.45793,0.0201,0.0067,0.0201,0.0067,0.0201,0.0067,0.0201,0.0067
12,2135.16,0.97874,0.56077,1.06741,0.85892,0.64051,0.72272,0.50109,1.4096,0.9265,1.46646,0.01911,0.00637,0.01911,0.00637,0.01911,0.00637,0.01911,0.00637
13,2300.56,0.96792,0.55221,1.06312,0.94642,0.60646,0.68922,0.47225,1.43187,0.89395,1.46962,0.01812,0.00604,0.01812,0.00604,0.01812,0.00604,0.01812,0.00604
14,2483.71,0.95605,0.54045,1.05914,0.91103,0.64474,0.7191,0.48564,1.39979,0.9314,1.41268,0.01713,0.00571,0.01713,0.00571,0.01713,0.00571,0.01713,0.00571
15,2767.27,0.94658,0.53148,1.05225,0.88902,0.65537,0.72925,0.49589,1.37525,0.903,1.43634,0.01614,0.00538,0.01614,0.00538,0.01614,0.00538,0.01614,0.00538
16,3068.15,0.93032,0.51899,1.04497,0.87606,0.63662,0.68975,0.46068,1.40117,1.01341,1.43711,0.01515,0.00505,0.01515,0.00505,0.01515,0.00505,0.01515,0.00505
17,3254.35,0.91929,0.50705,1.04071,0.91389,0.64797,0.71236,0.49946,1.37894,1.02237,1.4421,0.01416,0.00472,0.01416,0.00472,0.01416,0.00472,0.01416,0.00472
18,3428.71,0.91174,0.50584,1.03881,0.96267,0.6371,0.72294,0.49828,1.41027,1.05699,1.46369,0.01317,0.00439,0.01317,0.00439,0.01317,0.00439,0.01317,0.00439
19,3610.36,0.90032,0.49615,1.03499,0.88364,0.64468,0.70587,0.48333,1.41534,0.99372,1.45684,0.01218,0.00406,0.01218,0.00406,0.01218,0.00406,0.01218,0.00406
20,3779.36,0.89366,0.49353,1.03172,0.9342,0.62074,0.70666,0.49411,1.38225,1.001,1.43643,0.01119,0.00373,0.01119,0.00373,0.01119,0.00373,0.01119,0.00373
21,3982.05,0.80106,0.37551,0.99443,0.9434,0.62277,0.71602,0.48838,1.39682,1.00106,1.45425,0.0102,0.0034,0.0102,0.0034,0.0102,0.0034,0.0102,0.0034
22,4189.28,0.78336,0.36598,0.98711,0.90954,0.6197,0.6658,0.46186,1.40687,1.03128,1.48497,0.00921,0.00307,0.00921,0.00307,0.00921,0.00307,0.00921,0.00307
23,4369.21,0.76803,0.35551,0.9807,0.89182,0.64349,0.73246,0.5137,1.41898,1.01871,1.48536,0.00822,0.00274,0.00822,0.00274,0.00822,0.00274,0.00822,0.00274
24,4541.26,0.75175,0.34561,0.97175,0.97254,0.61213,0.7079,0.49852,1.40834,1.03934,1.48391,0.00723,0.00241,0.00723,0.00241,0.00723,0.00241,0.00723,0.00241
25,4717.5,0.74014,0.33496,0.96653,0.98052,0.6101,0.69642,0.49298,1.4277,1.05313,1.52229,0.00624,0.00208,0.00624,0.00208,0.00624,0.00208,0.00624,0.00208
26,4880.49,0.7272,0.32733,0.95938,0.98016,0.60475,0.68594,0.4875,1.42873,1.09055,1.5156,0.00525,0.00175,0.00525,0.00175,0.00525,0.00175,0.00525,0.00175
27,5046.07,0.71237,0.31992,0.95567,0.94611,0.61318,0.71082,0.51016,1.42743,1.0952,1.53879,0.00426,0.00142,0.00426,0.00142,0.00426,0.00142,0.00426,0.00142
28,5208.88,0.69855,0.31028,0.9496,0.85845,0.6735,0.71565,0.51105,1.42932,1.1309,1.55369,0.00327,0.00109,0.00327,0.00109,0.00327,0.00109,0.00327,0.00109
29,5372.77,0.68585,0.30321,0.94226,0.97481,0.60553,0.69688,0.49626,1.4199,1.11668,1.54787,0.00228,0.00076,0.00228,0.00076,0.00228,0.00076,0.00228,0.00076
30,5534.83,0.67482,0.29562,0.94091,0.89226,0.62072,0.70355,0.50181,1.43156,1.12615,1.56884,0.00129,0.00043,0.00129,0.00043,0.00129,0.00043,0.00129,0.00043
